"Rk,Year,Player,Pos,AV,School,College,Height,Wt,40YD,Vertical,BenchReps,Broad Jump,3Cone,Shuttle,Drafted (tm/rnd/yr)"
"1,2017,C.J. Beathard,QB,,Iowa,College Stats,6-2,219,,31,,113,,,"
"2,2017,Joshua Dobbs,QB,,Tennessee,College Stats,6-3,216,4.64,33,,122,6.75,4.31,"
"3,2017,Jerod Evans,QB,,Virginia Tech,College Stats,6-3,232,4.8,26.5,,112,,4.41,"
"4,2017,Brad Kaaya,QB,,Miami (FL),College Stats,6-4,214,,,,,,,"
"5,2017,DeShone Kizer,QB,,Notre Dame,College Stats,6-4,233,4.83,30.5,,107,7.4,4.53,"
"6,2017,Trevor Knight,QB,,Texas A&M,College Stats,6-1,219,4.54,35.5,,125,7.04,4.14,"
"7,2017,Mitch Leidner,QB,,Minnesota,College Stats,6-3,226,4.93,34.5,,123,6.96,4.25,"
"8,2017,Sefo Liufau,QB,,Colorado,College Stats,6-3,232,5.08,27,,105,7.32,4.45,"
"9,2017,Patrick Mahomes,QB,,Texas Tech,College Stats,6-2,225,4.8,30,,114,6.88,4.08,"
"10,2017,Nathan Peterman,QB,,Pittsburgh,College Stats,6-2,226,4.82,31,,110,7.14,4.31,"
"11,2017,Cooper Rush,QB,,Central Michigan,College Stats,6-3,228,4.93,27,,105,7.23,4.47,"
"12,2017,Seth Russell,QB,,Baylor,College Stats,6-3,213,,,,,,,"
"13,2017,Mitchell Trubisky,QB,,North Carolina,College Stats,6-2,222,4.67,27.5,,116,6.87,4.25,"
"14,2017,Deshaun Watson,QB,,Clemson,College Stats,6-2,221,4.66,32.5,,119,6.95,4.31,"
"15,2017,Davis Webb,QB,,California,College Stats,6-5,229,4.79,33,,118,6.92,4.21,"
"16,2016,Carson Wentz\WentCa00,QB,10,North Dakota St,,6-5,237,4.77,30.5,,118,6.86,4.15,Philadelphia Eagles / 1st / 2nd pick / 2016"
"17,2016,Nate Sudfeld\SudfNa00,QB,,Indiana,College Stats,6-6,234,5.02,29,,105,,,Washington Redskins / 6th / 187th pick / 2016"
"18,2016,Joel Stave\StavJo00,QB,,Wisconsin,College Stats,6-5,236,4.8,33.5,,115,7.29,4.33,"
"19,2016,Dak Prescott\PresDa01,QB,16,Mississippi State,College Stats,6-2,226,4.79,32.5,,116,7.11,4.32,Dallas Cowboys / 4th / 135th pick / 2016"
"20,2016,Paxton Lynch\LyncPa00,QB,1,Memphis,College Stats,6-7,244,4.86,36,,118,7.14,4.26,Denver Broncos / 1st / 26th pick / 2016"
"21,2016,Cody Kessler\KessCo00,QB,3,Southern California,College Stats,6-1,220,4.89,29.5,,104,7.32,4,Cleveland Browns / 3rd / 93rd pick / 2016"
"22,2016,Cardale Jones\JoneCa01,QB,0,Ohio State,College Stats,6-5,253,4.81,36,,,,,Buffalo Bills / 4th / 139th pick / 2016"
"23,2016,Kevin Hogan\HogaKe00,QB,1,Stanford,College Stats,6-3,218,4.78,32.5,,113,6.9,4.31,Kansas City Chiefs / 5th / 162nd pick / 2016"
"24,2016,Christian Hackenberg\HackCh01,QB,,Penn State,College Stats,6-4,223,4.78,31,,114,7.04,4.33,New York Jets / 2nd / 51st pick / 2016"
"25,2016,Jared Goff\GoffJa00,QB,-2,California,College Stats,6-4,215,4.82,27,,110,7.17,4.47,Los Angeles Rams / 1st / 1st pick / 2016"
"26,2016,Jeff Driskel\DrisJe00,QB,,Louisiana Tech,College Stats,6-4,234,4.56,32,,122,7.19,4.25,San Francisco 49ers / 6th / 207th pick / 2016"
"27,2016,Brandon Doughty\DougBr00,QB,,Western Kentucky,College Stats,6-3,213,5.22,27,,103,7.49,4.52,Miami Dolphins / 7th / 223rd pick / 2016"
"28,2016,Connor Cook\CookCo00,QB,0,Michigan State,College Stats,6-4,217,4.79,33,,113,7.21,4.28,Oakland Raiders / 4th / 100th pick / 2016"
"29,2016,Brandon Allen\AlleBr00,QB,,Arkansas,College Stats,6-1,217,4.84,28,,110,7.06,4.33,Jacksonville Jaguars / 6th / 201st pick / 2016"
"30,2016,Vernon Adams,QB,,Oregon,College Stats,5-11,200,4.83,29.5,,114,6.82,4.2,"
"31,2016,Trevone Boykin,QB,,Texas Christian,College Stats,6-0,212,4.77,32,,110,,4.4,"
"32,2016,Jacoby Brissett,QB,,North Carolina State,College Stats,6-4,231,4.94,31,,113,7.17,4.53,"
"33,2016,Josh Woodrum,QB,,Liberty,,6-3,231,4.8,31,,116,6.74,4.31,"
"34,2015,Jameis Winston\WinsJa00,QB,25,Florida State,College Stats,6-4,231,4.97,28.5,,103,7.16,4.36,Tampa Bay Buccaneers / 1st / 1st pick / 2015"
"35,2015,Blake Sims\SimsBl00,QB,,Alabama,College Stats,5-11,218,4.57,30.5,,115,,,"
"36,2015,Bryce Petty\PettBr01,QB,2,Baylor,College Stats,6-3,230,4.87,34,,121,6.91,4.13,New York Jets / 4th / 103rd pick / 2015"
"37,2015,Marcus Mariota\MariMa01,QB,22,Oregon,College Stats,6-4,222,4.52,36,,121,6.87,4.11,Tennessee Titans / 1st / 2nd pick / 2015"
"38,2015,Sean Mannion\MannSe00,QB,0,Oregon State,College Stats,6-6,229,5.14,31,,105,7.29,4.39,St. Louis Rams / 3rd / 89th pick / 2015"
"39,2015,Brett Hundley\HundBr00,QB,0,UCLA,College Stats,6-3,226,4.63,36,,120,6.93,3.98,Green Bay Packers / 5th / 147th pick / 2015"
"40,2015,Connor Halliday\HallCo00,QB,,Washington State,College Stats,6-3,204,4.87,,,,,,"
"41,2015,Garrett Grayson\GrayGa00,QB,0,Colorado State,College Stats,6-2,213,4.75,,,,,,New Orleans Saints / 3rd / 75th pick / 2015"
"42,2015,Cody Fajardo\FajaCo00,QB,,Nevada,College Stats,6-1,223,4.63,32.5,,118,6.95,4.1,"
"43,2015,Shane Carden\CardSh00,QB,,East Carolina,College Stats,6-2,218,4.94,29.5,,104,7.17,4.45,"
"44,2015,Brandon Bridge\BridBr00,QB,,South Alabama,College Stats,6-4,229,4.72,33,,110,7.18,4.37,"
"45,2015,Anthony Boone\BoonAn00,QB,,Duke,College Stats,6-0,231,5.03,26.5,,100,7.47,4.62,"
"46,2015,Bryan Bennett,QB,,Southeastern Louisiana,,6-2,211,4.81,37,,125,7.13,4.2,"
"47,2015,Jerry Lovelocke,QB,,Prairie View A&M,,6-4,248,4.99,31.5,,113,7.3,4.51,"
"48,2014,Keith Wenning\WennKe00,QB,,Ball State,College Stats,6-3,218,5,28,,100,7.07,4.25,Baltimore Ravens / 6th / 194th pick / 2014"
"49,2014,Dustin Vaughan\VaugDu00,QB,,West Texas A&M,,6-5,235,4.95,29,,108,7.25,4.43,"
"50,2014,Logan Thomas\ThomLo00,QB,0,Virginia Tech,College Stats,6-6,248,4.61,35.5,,118,7.05,4.18,Arizona Cardinals / 4th / 120th pick / 2014"
"51,2014,Connor Shaw\ShawCo00,QB,0,South Carolina,College Stats,6-0,206,4.66,34,,116,7.07,4.33,"
"52,2014,Tom Savage\SavaTo00,QB,1,Pittsburgh,College Stats,6-4,228,4.97,27,,105,7.33,4.36,Houston Texans / 4th / 135th pick / 2014"
"53,2014,Bryn Renner\RennBr00,QB,,North Carolina,College Stats,6-3,228,4.87,25.5,,108,7.22,4.3,"
"54,2014,Aaron Murray\MurrAa00,QB,,Georgia,College Stats,6-0,207,4.84,,,,,,Kansas City Chiefs / 5th / 163rd pick / 2014"
"55,2014,Stephen Morris\MorrSt00,QB,,Miami (FL),College Stats,6-2,213,4.63,30,,111,7.36,4.49,"
"56,2014,Zach Mettenberger\MettZa00,QB,1,LSU,College Stats,6-5,224,,,,,,,Tennessee Titans / 6th / 178th pick / 2014"
"57,2014,A.J. McCarron\McCaA.00,QB,3,Alabama,College Stats,6-3,220,4.94,28,,99,7.18,4.34,Cincinnati Bengals / 5th / 164th pick / 2014"
"58,2014,Johnny Manziel\ManzJo00,QB,5,Texas A&M,College Stats,6-0,207,4.68,31.5,,113,6.75,4.03,Cleveland Browns / 1st / 22nd pick / 2014"
"59,2014,Jordan Lynch\LyncJo01,QB,,Northern Illinois,College Stats,6-0,217,4.76,29.5,,109,6.55,4.2,"
"60,2014,Jimmy Garoppolo\GaroJi00,QB,3,Eastern Illinois,,6-2,226,4.97,30.5,,110,7.04,4.26,New England Patriots / 2nd / 62nd pick / 2014"
"61,2014,David Fales\FaleDa00,QB,0,San Jose State,College Stats,6-2,212,4.99,28,,103,7.55,4.5,Chicago Bears / 6th / 183rd pick / 2014"
"62,2014,Derek Carr\CarrDe02,QB,30,Fresno State,College Stats,6-2,214,4.69,34.5,,110,,4.2,Oakland Raiders / 2nd / 36th pick / 2014"
"63,2014,Teddy Bridgewater\BridTe00,QB,22,Louisville,College Stats,6-2,214,,30,,113,7.17,4.2,Minnesota Vikings / 1st / 32nd pick / 2014"
"64,2014,Tajh Boyd\BoydTa00,QB,,Clemson,College Stats,6-1,222,4.84,30.5,,106,7.33,4.23,New York Jets / 6th / 213th pick / 2014"
"65,2014,Blake Bortles\BortBl00,QB,29,Central Florida,College Stats,6-5,232,4.93,32.5,,115,7.08,4.21,Jacksonville Jaguars / 1st / 3rd pick / 2014"
"66,2014,Jeff Mathews,QB,,Cornell,,6-4,223,5.26,25.5,,105,7.14,4.36,"
"67,2013,Tyler Wilson\WilsTy00,QB,,Arkansas,College Stats,6-2,215,4.95,28.5,,112,7.22,4.39,Oakland Raiders / 4th / 112th pick / 2013"
"68,2013,Brad Sorensen\SoreBr00,QB,,Southern Utah,,6-4,229,4.97,29,,112,7.17,4.55,San Diego Chargers / 7th / 221st pick / 2013"
"69,2013,Geno Smith\SmitGe00,QB,15,West Virginia,College Stats,6-2,218,4.58,33.5,,124,,,New York Jets / 2nd / 39th pick / 2013"
"70,2013,Matt Scott\ScotMa01,QB,,Arizona,College Stats,6-2,213,4.69,31,,118,6.69,3.99,"
"71,2013,Sean Renfree\RenfSe00,QB,0,Duke,College Stats,6-3,219,4.76,,,,,,Atlanta Falcons / 7th / 249th pick / 2013"
"72,2013,Ryan Nassib\NassRy00,QB,0,Syracuse,College Stats,6-2,227,5.06,28.5,,105,7.34,4.53,New York Giants / 4th / 110th pick / 2013"
"73,2013,E.J. Manuel\ManuEJ00,QB,10,Florida State,College Stats,6-5,237,4.65,34,,118,7.08,4.21,Buffalo Bills / 1st / 16th pick / 2013"
"74,2013,Collin Klein\KleiCo00,QB,,Kansas State,College Stats,6-5,226,4.78,29,,111,7.17,4.4,"
"75,2013,Landry Jones\JoneLa02,QB,3,Oklahoma,College Stats,6-4,225,5.11,31,,115,7.12,4.3,Pittsburgh Steelers / 4th / 115th pick / 2013"
"76,2013,MarQueis Gray\GrayMa00,QB,2,Minnesota,College Stats,6-3,240,4.65,30,15,111,7.25,4.3,"
"77,2013,Mike Glennon\GlenMi00,QB,11,North Carolina State,College Stats,6-7,225,4.94,26.5,,102,7.49,4.52,Tampa Bay Buccaneers / 3rd / 73rd pick / 2013"
"78,2013,Zac Dysert\DyseZa00,QB,,Miami (OH),College Stats,6-3,231,4.81,,,,,,Denver Broncos / 7th / 234th pick / 2013"
"79,2013,Colby Cameron\CameCo00,QB,,Louisiana Tech,College Stats,6-2,212,4.78,30.5,,112,6.98,4.28,"
"80,2013,Tyler Bray\BrayTy00,QB,,Tennessee,College Stats,6-6,232,5.05,,,100,7.2,4.51,"
"81,2013,Matt Barkley\BarkMa00,QB,2,Southern California,College Stats,6-2,227,4.91,,,,,,Philadelphia Eagles / 4th / 98th pick / 2013"
"82,2013,James Vandenberg,QB,,Iowa,College Stats,6-3,226,4.92,32,,116,6.95,4.52,"
"83,2012,Russell Wilson\WilsRu00,QB,84,Wisconsin,College Stats,5-11,204,4.53,34,,118,6.97,4.09,Seattle Seahawks / 3rd / 75th pick / 2012"
"84,2012,Brandon Weeden\WeedBr00,QB,15,Oklahoma State,College Stats,6-3,221,4.89,,,,,,Cleveland Browns / 1st / 22nd pick / 2012"
"85,2012,Ryan Tannehill\TannRy00,QB,55,Texas A&M,College Stats,6-4,221,4.65,,,,,,Miami Dolphins / 1st / 8th pick / 2012"
"86,2012,Brock Osweiler\OsweBr00,QB,10,Arizona State,College Stats,6-7,242,4.83,,,,,,Denver Broncos / 2nd / 57th pick / 2012"
"87,2012,Kellen Moore\MoorKe02,QB,2,Boise State,College Stats,6-0,197,4.82,27,,99,7.41,4.56,"
"88,2012,Andrew Luck\LuckAn00,QB,64,Stanford,College Stats,6-4,234,4.59,36,,124,6.8,4.28,Indianapolis Colts / 1st / 1st pick / 2012"
"89,2012,Ryan Lindley\LindRy00,QB,-4,San Diego State,College Stats,6-4,229,4.86,29.5,,108,7.52,4.45,Arizona Cardinals / 6th / 185th pick / 2012"
"90,2012,Case Keenum\KeenCa00,QB,10,Houston,College Stats,6-1,208,4.72,32.5,,103,,,"
"91,2012,Chandler Harnish\HarnCh00,QB,0,Northern Illinois,College Stats,6-2,219,4.68,32.5,,112,6.78,4.15,Indianapolis Colts / 7th / 253rd pick / 2012"
"92,2012,Robert Griffin\GrifRo01,QB,36,Baylor,College Stats,6-2,223,4.33,39,,120,,,Washington Redskins / 1st / 2nd pick / 2012"
"93,2012,Nick Foles\FoleNi00,QB,24,Arizona,College Stats,6-5,243,5.03,30.5,,112,,,Philadelphia Eagles / 3rd / 88th pick / 2012"
"94,2012,Austin Davis\DaviAu00,QB,6,Southern Miss,College Stats,6-2,219,4.69,31,,109,6.73,4.11,"
"95,2012,Kirk Cousins\CousKi00,QB,31,Michigan State,College Stats,6-3,214,4.84,28.5,,109,7.05,4.5,Washington Redskins / 4th / 102nd pick / 2012"
"96,2012,B.J. Coleman\ColeB.00,QB,0,Chattanooga,,6-3,233,4.94,,,109,7.07,4.38,Green Bay Packers / 7th / 243rd pick / 2012"
"97,2012,Patrick Witt,QB,,Yale,,6-3,225,5.06,31.5,,101,7.14,4.37,"
"98,2012,Darron Thomas,QB,,Oregon,College Stats,6-3,220,4.77,36,14,121,7.17,4.28,"
"99,2012,Aaron Corp,QB,,Richmond,,6-3,215,4.61,31.5,,106,7.03,4.3,"
"100,2012,Jacory Harris,QB,,Miami (FL),College Stats,6-3,203,4.65,37,,113,7.1,4.4,"
"101,2012,Jordan Jefferson,QB,,LSU,College Stats,6-4,223,4.58,36.5,14,116,6.81,4.06,"
"102,2011,T.J. Yates\YateT.00,QB,4,North Carolina,College Stats,6-3,219,5.06,29.5,,104,6.96,4.12,Houston Texans / 5th / 152nd pick / 2011"
"103,2011,Scott Tolzien\TolzSc00,QB,3,Wisconsin,College Stats,6-2,212,4.92,29.5,,116,6.84,4.12,"
"104,2011,Tyrod Taylor\TaylTy00,QB,29,Virginia Tech,College Stats,6-1,217,4.47,37.5,,126,6.78,4.09,Baltimore Ravens / 6th / 180th pick / 2011"
"105,2011,Ricky Stanzi\StanRi00,QB,0,Iowa,College Stats,6-4,223,4.87,32.5,,110,6.95,4.43,Kansas City Chiefs / 5th / 135th pick / 2011"
"106,2011,Josh Portis\PortJo01,QB,,California (PA),,6-3,211,4.59,40,,126,6.84,4.12,"
"107,2011,Christian Ponder\PondCh00,QB,23,Florida State,College Stats,6-2,229,4.63,34,,116,6.85,4.09,Minnesota Vikings / 1st / 12th pick / 2011"
"108,2011,Cam Newton\NewtCa00,QB,94,Auburn,College Stats,6-5,248,4.56,35,,126,6.92,4.18,Carolina Panthers / 1st / 1st pick / 2011"
"109,2011,Greg McElroy\McElGr00,QB,1,Alabama,College Stats,6-2,220,4.84,33,,107,7.11,4.45,New York Jets / 7th / 208th pick / 2011"
"110,2011,Ryan Mallett\MallRy00,QB,4,Arkansas,College Stats,6-7,253,5.37,24,,103,,,New England Patriots / 3rd / 74th pick / 2011"
"111,2011,Jake Locker\LockJa00,QB,16,Washington,College Stats,6-2,231,4.51,35,,120,6.77,4.12,Tennessee Titans / 1st / 8th pick / 2011"
"112,2011,Colin Kaepernick\KaepCo00,QB,49,Nevada,College Stats,6-5,233,4.53,32.5,,115,6.85,4.18,San Francisco 49ers / 2nd / 36th pick / 2011"
"113,2011,Jerrod Johnson\JohnJe03,QB,,Texas A&M,College Stats,6-5,251,4.75,29,,119,7.28,4.31,"
"114,2011,Blaine Gabbert\GabbBl00,QB,13,Missouri,College Stats,6-4,234,4.61,33.5,,120,6.84,4.26,Jacksonville Jaguars / 1st / 10th pick / 2011"
"115,2011,Nathan Enderle\EndeNa00,QB,,Idaho,College Stats,6-4,240,5.12,25.5,,102,7.13,4.46,Chicago Bears / 5th / 160th pick / 2011"
"116,2011,Pat Devlin\DevlPa00,QB,0,Delaware,,6-3,225,4.81,33,,116,7.08,4.32,"
"117,2011,Andy Dalton\DaltAn00,QB,73,TCU,College Stats,6-2,215,4.83,29.5,,106,6.93,4.27,Cincinnati Bengals / 2nd / 35th pick / 2011"
"118,2011,Jeff Van Camp,QB,,Florida Atlantic,College Stats,6-5,218,4.83,31,,114,6.87,4.16,"
"119,2011,Ryan Colburn,QB,,Fresno State,College Stats,6-3,233,5.12,,,,6.84,4.28,"
"120,2010,Tim Tebow\TeboTi00,QB,12,Florida,College Stats,6-3,236,4.71,38.5,,115,6.66,4.17,Denver Broncos / 1st / 25th pick / 2010"
"121,2010,John Skelton\SkelJo00,QB,4,Fordham,,6-5,243,4.85,33.5,,108,7.17,4.33,Arizona Cardinals / 5th / 155th pick / 2010"
"122,2010,Zac Robinson\RobiZa00,QB,0,Oklahoma State,College Stats,6-2,214,4.68,35,,110,7.24,4.4,New England Patriots / 7th / 250th pick / 2010"
"123,2010,Tony Pike\PikeTo00,QB,0,Cincinnati,College Stats,6-6,223,4.9,28.5,,108,7.06,4.53,Carolina Panthers / 6th / 204th pick / 2010"
"124,2010,Colt McCoy\McCoCo00,QB,13,Texas,College Stats,6-1,216,4.79,,,114,,,Cleveland Browns / 3rd / 85th pick / 2010"
"125,2010,Thaddeus Lewis\LewiTh01,QB,4,Duke,College Stats,6-0,215,4.84,28,,107,,,"
"126,2010,Dan LeFevour\LeFeDa00,QB,,Central Michigan,College Stats,6-3,230,4.6,29.5,,110,6.93,4.22,Chicago Bears / 6th / 181st pick / 2010"
"127,2010,Mike Kafka\KafkMi00,QB,0,Northwestern,College Stats,6-3,225,4.93,32,,110,6.96,4.37,Philadelphia Eagles / 4th / 122nd pick / 2010"
"128,2010,Max Hall\HallMa00,QB,1,BYU,College Stats,6-1,209,4.84,32,,102,7.07,4.35,"
"129,2010,Jimmy Clausen\ClauJi00,QB,3,Notre Dame,College Stats,6-3,222,4.76,,,,,,Carolina Panthers / 2nd / 48th pick / 2010"
"130,2010,Sean Canfield\CanfSe00,QB,,Oregon State,College Stats,6-4,223,4.93,29.5,,100,7.26,4.39,New Orleans Saints / 7th / 239th pick / 2010"
"131,2010,Levi Brown\BrowLe00,QB,0,Troy,College Stats,6-3,229,4.93,31.5,20,106,7.07,4.43,Buffalo Bills / 7th / 209th pick / 2010"
"132,2010,Jarrett Brown\BrowJa01,QB,,West Virginia,College Stats,6-3,224,4.5,34.5,,114,7.24,4.39,"
"133,2010,Sam Bradford\BradSa00,QB,47,Oklahoma,College Stats,6-4,236,4.79,,,,,,St. Louis Rams / 1st / 1st pick / 2010"
"134,2010,Jevan Snead,QB,,Mississippi,College Stats,6-3,219,5.04,33,,106,7.08,4.33,"
"135,2010,Riley Skinner,QB,,Wake Forest,College Stats,6-0,214,5.05,30,,101,7.04,4.29,"
"136,2010,Daryll Clark,QB,,Penn State,College Stats,6-2,235,4.72,,21,,,,"
"137,2010,Tim Hiller,QB,,Western Michigan,College Stats,6-4,229,4.97,32.5,18,118,7.1,4.54,"
"138,2009,John Parker Wilson\WilsJo01,QB,0,Alabama,College Stats,6-1,219,4.75,29.5,,105,7.53,4.59,"
"139,2009,Drew Willy\WillDr00,QB,,Buffalo,College Stats,6-3,215,4.9,30.5,,109,7.18,4.45,"
"140,2009,Pat White\WhitPa01,QB,1,West Virginia,College Stats,6-0,197,4.55,35,,117,7.06,4.42,Miami Dolphins / 2nd / 44th pick / 2009"
"141,2009,Matthew Stafford\StafMa00,QB,86,Georgia,College Stats,6-2,225,4.81,30.5,,107,7.06,4.47,Detroit Lions / 1st / 1st pick / 2009"
"142,2009,Mark Sanchez\SancMa00,QB,38,Southern California,College Stats,6-2,227,4.93,32.5,,116,7.06,4.21,New York Jets / 1st / 5th pick / 2009"
"143,2009,Curtis Painter\PainCu00,QB,2,Purdue,College Stats,6-3,225,4.87,29,,102,7,4.48,Indianapolis Colts / 6th / 201st pick / 2009"
"144,2009,Stephen McGee\McGeSt00,QB,2,Texas A&M,College Stats,6-3,225,4.61,33,,112,7.34,4.49,Dallas Cowboys / 4th / 101st pick / 2009"
"145,2009,Brian Hoyer\HoyeBr00,QB,22,Michigan State,College Stats,6-2,215,5.02,32,,109,7.1,4.42,"
"146,2009,Graham Harrell\HarrGr00,QB,0,Texas Tech,College Stats,6-2,223,4.95,29.5,,98,7.45,4.56,"
"147,2009,Josh Freeman\FreeJo00,QB,41,Kansas State,College Stats,6-6,248,4.9,33.5,,119,7.11,4.43,Tampa Bay Buccaneers / 1st / 17th pick / 2009"
"148,2009,Nate Davis\DaviNa00,QB,,Ball State,College Stats,6-1,226,4.95,26.5,,99,,,San Francisco 49ers / 5th / 171st pick / 2009"
"149,2009,Chase Daniel\DaniCh00,QB,2,Missouri,College Stats,6-0,218,4.79,33,,,7.28,4.31,"
"150,2009,Rudy Carpenter\CarpRu00,QB,0,Arizona State,College Stats,6-2,218,4.89,29,11,100,7.25,4.47,"
"151,2009,Hunter Cantwell\CantHu00,QB,,Louisville,College Stats,6-4,235,5.22,26,,99,7.4,4.59,"
"152,2009,Tom Brandstater\BranTo00,QB,0,Fresno State,College Stats,6-5,220,4.87,28.5,,106,6.93,4.37,Denver Broncos / 6th / 174th pick / 2009"
"153,2009,Rhett Bomar\BomaRh00,QB,,Sam Houston State,,6-2,225,4.7,,25,106,6.91,4.06,New York Giants / 5th / 151st pick / 2009"
"154,2009,Mike Reilly,QB,,Central Washington,,6-3,214,4.74,30.5,,109,6.76,4.11,"
"155,2009,Jason Boltus,QB,,Hartwick,,6-3,225,4.82,31.5,26,111,7,4.47,"
"156,2009,Nathan Brown,QB,,Central Arkansas,,6-1,219,4.86,30.5,,106,7.43,4.44,"
"157,2009,Cullen Harper,QB,,Clemson,College Stats,6-3,225,4.86,30,19,105,7.43,4.49,"
"158,2009,Chase Holbrook,QB,,New Mexico State,College Stats,6-4,242,5.12,27,,108,7.93,4.65,"
"159,2008,Andre Woodson\WoodAn00,QB,,Michigan State,College Stats,6-4,229,4.85,,,,,,New York Giants / 6th / 198th pick / 2008"
"160,2008,Matt Ryan\RyanMa00,QB,135,Boston College,College Stats,6-5,228,4.89,,,,7.4,4.51,Atlanta Falcons / 1st / 3rd pick / 2008"
"161,2008,Kevin O'Connell\OConKe00,QB,0,San Diego State,College Stats,6-5,225,4.61,31,,113,7.01,4.38,New England Patriots / 3rd / 94th pick / 2008"
"162,2008,John David Booty,QB,,Southern California,College Stats,6-2,218,4.82,22.5,,99,,4.58,Minnesota Vikings / 5th / 137th pick / 2008"
"163,2008,Josh Johnson\JohnJo05,QB,4,San Diego,College Stats,6-3,213,4.53,33.5,,110,7.56,4.42,Tampa Bay Buccaneers / 5th / 160th pick / 2008"
"164,2008,Chad Henne\HennCh01,QB,29,Michigan,College Stats,6-3,230,4.92,25.5,,106,7.17,4.4,Miami Dolphins / 2nd / 57th pick / 2008"
"165,2008,Matt Flynn\FlynMa00,QB,8,LSU,College Stats,6-2,231,4.79,28,,109,7.21,4.34,Green Bay Packers / 7th / 209th pick / 2008"
"166,2008,Joe Flacco\FlacJo00,QB,97,Delaware,College Stats,6-6,236,4.84,28.5,,110,6.82,4.27,Baltimore Ravens / 1st / 18th pick / 2008"
"167,2008,Dennis Dixon\DixoDe00,QB,2,Oregon,College Stats,6-3,195,4.58,,,,,,Pittsburgh Steelers / 5th / 156th pick / 2008"
"168,2008,Brian Brohm\BrohBr00,QB,0,Louisville,College Stats,6-3,230,4.81,30,,115,7.13,4.55,Green Bay Packers / 2nd / 56th pick / 2008"
"169,2008,Alex Brink\BrinAl00,QB,,Washington State,College Stats,6-2,211,4.96,28,,112,7.22,4.19,Houston Texans / 7th / 223rd pick / 2008"
"170,2008,Colt Brennan\BrenCo00,QB,,Hawaii,College Stats,6-2,207,4.79,,,,,,Washington Redskins / 6th / 186th pick / 2008"
"171,2008,Erik Ainge\AingEr00,QB,,Tennessee,College Stats,6-5,225,4.98,21.5,,108,7.51,4.6,New York Jets / 5th / 162nd pick / 2008"
"172,2008,Kyle Wright,QB,,Miami (FL),College Stats,6-3,218,4.85,25.5,,105,7.34,4.32,"
"173,2008,Adam Tafralis,QB,,San Jose State,College Stats,6-1,221,4.78,32,,108,7.14,4.33,"
"174,2008,Paul Smith,QB,,Tulsa,College Stats,6-1,208,4.95,26.5,,111,7.02,4.29,"
"175,2008,Sam Keller,QB,,Nebraska,College Stats,6-4,241,4.99,24,,107,7.07,4.35,"
"176,2008,Anthony Morelli,QB,,Penn State,College Stats,6-4,231,5.07,26.5,16,108,7.43,4.6,"
"177,2008,Bernard Morris,QB,,Marshall,College Stats,6-3,223,4.68,24.5,18,109,,,"
"178,2008,T.C. Ostrander,QB,,Stanford,College Stats,6-2,227,4.92,,,,,,"
"179,2007,Isaiah Stanback\StanIs00,QB,0,Washington,College Stats,6-2,216,4.6,,22,,,,Dallas Cowboys / 4th / 103rd pick / 2007"
"180,2007,Drew Stanton\StanDr00,QB,10,Michigan State,College Stats,6-3,226,4.75,30.5,,108,6.77,4.41,Detroit Lions / 2nd / 43rd pick / 2007"
"181,2007,Troy Smith\SmitTr02,QB,6,Ohio State,College Stats,6-0,225,4.72,,,,,,Baltimore Ravens / 5th / 174th pick / 2007"
"182,2007,JaMarcus Russell\RussJa00,QB,6,LSU,College Stats,6-5,265,4.83,,,,,,Oakland Raiders / 1st / 1st pick / 2007"
"183,2007,Jeff Rowe\RoweJe00,QB,0,Nevada,College Stats,6-5,226,4.91,29.5,,114,7.16,4.42,Cincinnati Bengals / 5th / 151st pick / 2007"
"184,2007,Brady Quinn\QuinBr00,QB,2,Notre Dame,College Stats,6-4,232,4.73,,24,,,,Cleveland Browns / 1st / 22nd pick / 2007"
"185,2007,Jordan Palmer\PalmJo20,QB,0,Texas-El Paso,College Stats,6-6,231,4.98,30.5,,104,7.32,4.58,Washington Redskins / 6th / 205th pick / 2007"
"186,2007,Tyler Palko\PalkTy00,QB,2,Pittsburgh,College Stats,6-1,215,4.83,31.5,,112,7.05,4.36,"
"187,2007,Kevin Kolb\KolbKe00,QB,13,Houston,College Stats,6-3,218,4.85,32.5,,112,6.94,4.44,Philadelphia Eagles / 2nd / 36th pick / 2007"
"188,2007,Matt Gutierrez\GutiMa00,QB,0,Idaho State,College Stats,6-4,232,5,29.5,,108,6.99,4.28,"
"189,2007,Trent Edwards\EdwaTr01,QB,18,Stanford,College Stats,6-4,231,4.76,,19,,7.14,4.46,Buffalo Bills / 3rd / 92nd pick / 2007"
"190,2007,John Beck\BeckJo00,QB,4,BYU,College Stats,6-2,215,4.75,29.5,,111,6.81,4.17,Miami Dolphins / 2nd / 40th pick / 2007"
"191,2007,Jared Zabransky,QB,,Boise State,College Stats,6-2,219,4.56,35.5,,111,6.78,4.08,"
"192,2007,Zac Taylor,QB,,Nebraska,College Stats,6-2,216,5.06,30.5,,110,7.39,4.6,"
"193,2007,Josh Swogger,QB,,Montana,,6-4,237,5.12,28.5,,107,7.25,4.76,"
"194,2007,John Stocco,QB,,Wisconsin,College Stats,6-2,207,5.08,27,,104,7.29,4.6,"
"195,2007,Luke Getsy,QB,,Akron,College Stats,6-2,222,4.96,32.5,,106,6.95,4.46,"
"196,2007,Toby Korrodi,QB,,Central Missouri,,6-3,234,5.37,25,,91,7.77,4.64,"
"197,2007,Chris Leak,QB,,Florida,College Stats,6-0,209,4.74,32.5,,113,7.03,4.41,"
"198,2007,James Pinkney,QB,,East Carolina,College Stats,6-2,208,4.79,34,,112,7.35,4.49,"